column_name,observed_value,frequency,percentage
longitude,-118.31,162,0.7848837209302326
longitude,-118.3,160,0.7751937984496124
longitude,-118.29,148,0.7170542635658914
longitude,-118.27,144,0.6976744186046512
longitude,-118.32,142,0.687984496124031
longitude,-118.28,141,0.6831395348837209
longitude,-118.35,140,0.6782945736434108
longitude,-118.36,138,0.6686046511627907
longitude,-118.19,135,0.6540697674418605
longitude,-118.37,128,0.6201550387596899
longitude,-118.25,128,0.6201550387596899
longitude,-118.2,126,0.6104651162790697
longitude,-118.14,125,0.6056201550387598
longitude,-118.26,121,0.5862403100775194
longitude,-118.13,121,0.5862403100775194
longitude,-118.18,120,0.5813953488372093
longitude,-118.34,119,0.5765503875968992
longitude,-118.21,118,0.5717054263565892
longitude,-118.15,116,0.562015503875969
longitude,-118.12,112,0.5426356589147286
longitude,-118.1,109,0.5281007751937985
longitude,-118.38,107,0.5184108527131783
longitude,-118.43,106,0.5135658914728682
longitude,-118.17,106,0.5135658914728682
longitude,-122.27,103,0.49903100775193804
longitude,-118.16,103,0.49903100775193804
longitude,-118.33,102,0.4941860465116279
longitude,-117.9,100,0.4844961240310077
longitude,-118.22,100,0.4844961240310077
longitude,-118.24,100,0.4844961240310077
longitude,-118.11,100,0.4844961240310077
longitude,-118.08,99,0.4796511627906977
longitude,-118.42,98,0.4748062015503876
longitude,-118.4,98,0.4748062015503876
longitude,-118.09,98,0.4748062015503876
longitude,-118.41,97,0.4699612403100776
longitude,-117.96,97,0.4699612403100776
longitude,-122.26,96,0.46511627906976744
longitude,-122.04,96,0.46511627906976744
longitude,-122.41,96,0.46511627906976744
longitude,-118.39,96,0.46511627906976744
longitude,-118.44,96,0.46511627906976744
longitude,-122.25,94,0.45542635658914726
longitude,-122.42,94,0.45542635658914726
longitude,-117.93,94,0.45542635658914726
longitude,-117.97,94,0.45542635658914726
longitude,-117.95,93,0.45058139534883723
longitude,-122.28,92,0.44573643410852715
longitude,-118.23,91,0.4408914728682171
longitude,-117.92,90,0.436046511627907
longitude,-117.25,89,0.43120155038759694
longitude,-117.98,88,0.4263565891472868
longitude,-117.99,88,0.4263565891472868
longitude,-122.43,88,0.4263565891472868
longitude,-122.08,87,0.42151162790697677
longitude,-122.03,83,0.4021317829457365
longitude,-117.91,82,0.39728682170542634
longitude,-122.44,81,0.3924418604651163
longitude,-118.46,80,0.3875968992248062
longitude,-117.89,80,0.3875968992248062
longitude,-118.02,80,0.3875968992248062
longitude,-117.08,80,0.3875968992248062
longitude,-118.45,79,0.38275193798449614
longitude,-117.87,79,0.38275193798449614
longitude,-117.09,79,0.38275193798449614
longitude,-122.02,77,0.37306201550387597
longitude,-122.01,77,0.37306201550387597
longitude,-117.88,76,0.3682170542635659
longitude,-117.94,76,0.3682170542635659
longitude,-118.03,76,0.3682170542635659
longitude,-122.29,75,0.3633720930232558
longitude,-118.01,75,0.3633720930232558
longitude,-118.04,75,0.3633720930232558
longitude,-122.24,74,0.3585271317829457
longitude,-122.07,74,0.3585271317829457
longitude,-117.13,74,0.3585271317829457
longitude,-122.47,73,0.3536821705426357
longitude,-122.23,72,0.3488372093023256
longitude,-118.07,72,0.3488372093023256
longitude,-117.07,72,0.3488372093023256
longitude,-122.45,71,0.3439922480620155
longitude,-117.24,71,0.3439922480620155
longitude,-117.11,71,0.3439922480620155
longitude,-118.06,70,0.3391472868217054
longitude,-117.06,70,0.3391472868217054
longitude,-121.96,69,0.33430232558139533
longitude,-121.92,69,0.33430232558139533
longitude,-117.23,68,0.32945736434108525
longitude,-117.05,68,0.32945736434108525
longitude,-121.99,67,0.3246124031007752
longitude,-121.98,67,0.3246124031007752
longitude,-122.0,67,0.3246124031007752
longitude,-117.14,66,0.31976744186046513
longitude,-118.0,65,0.31492248062015504
longitude,-121.94,64,0.31007751937984496
longitude,-122.49,64,0.31007751937984496
longitude,-122.46,64,0.31007751937984496
longitude,-122.3,63,0.30523255813953487
longitude,-122.09,63,0.30523255813953487
longitude,-121.89,63,0.30523255813953487
longitude,-121.88,63,0.30523255813953487
longitude,-117.86,63,0.30523255813953487
longitude,-121.3,63,0.30523255813953487
longitude,-117.1,63,0.30523255813953487
longitude,-121.83,61,0.2955426356589147
longitude,-118.47,61,0.2955426356589147
longitude,-117.27,61,0.2955426356589147
longitude,-117.12,61,0.2955426356589147
longitude,-122.18,60,0.29069767441860467
longitude,-121.97,60,0.29069767441860467
longitude,-122.06,59,0.2858527131782946
longitude,-122.48,59,0.2858527131782946
longitude,-122.31,58,0.2810077519379845
longitude,-121.32,58,0.2810077519379845
longitude,-122.21,57,0.2761627906976744
longitude,-121.91,57,0.2761627906976744
longitude,-121.9,57,0.2761627906976744
longitude,-118.05,57,0.2761627906976744
longitude,-118.48,57,0.2761627906976744
longitude,-122.2,56,0.2713178294573643
longitude,-122.19,56,0.2713178294573643
longitude,-122.05,56,0.2713178294573643
longitude,-121.93,56,0.2713178294573643
longitude,-121.29,56,0.2713178294573643
longitude,-122.16,55,0.26647286821705424
longitude,-122.14,55,0.26647286821705424
longitude,-121.87,55,0.26647286821705424
longitude,-117.66,55,0.26647286821705424
longitude,-122.13,54,0.2616279069767442
longitude,-121.84,54,0.2616279069767442
longitude,-121.28,54,0.2616279069767442
longitude,-117.22,54,0.2616279069767442
longitude,-121.95,53,0.2567829457364341
longitude,-117.31,53,0.2567829457364341
longitude,-117.18,52,0.25193798449612403
longitude,-117.04,52,0.25193798449612403
longitude,-122.22,51,0.24709302325581395
longitude,-122.12,51,0.24709302325581395
longitude,-117.21,51,0.24709302325581395
longitude,-122.17,50,0.24224806201550386
longitude,-122.1,49,0.2374031007751938
longitude,-121.82,49,0.2374031007751938
longitude,-122.32,49,0.2374031007751938
longitude,-122.33,48,0.23255813953488372
longitude,-122.11,48,0.23255813953488372
longitude,-121.44,48,0.23255813953488372
longitude,-121.27,48,0.23255813953488372
longitude,-117.19,48,0.23255813953488372
longitude,-117.17,48,0.23255813953488372
longitude,-117.2,48,0.23255813953488372
longitude,-122.15,47,0.22771317829457363
longitude,-117.69,47,0.22771317829457363
longitude,-117.28,47,0.22771317829457363
longitude,-122.4,46,0.22286821705426357
longitude,-117.81,45,0.2180232558139535
longitude,-118.49,45,0.2180232558139535
longitude,-117.26,45,0.2180232558139535
longitude,-121.81,44,0.2131782945736434
longitude,-117.68,44,0.2131782945736434
longitude,-117.65,44,0.2131782945736434
longitude,-117.8,44,0.2131782945736434
longitude,-117.85,44,0.2131782945736434
longitude,-117.15,44,0.2131782945736434
longitude,-121.86,43,0.20833333333333334
longitude,-117.32,43,0.20833333333333334
longitude,-117.29,43,0.20833333333333334
longitude,-117.16,43,0.20833333333333334
longitude,-117.03,43,0.20833333333333334
longitude,-121.37,43,0.20833333333333334
longitude,-117.7,42,0.20348837209302326
longitude,-117.82,42,0.20348837209302326
longitude,-121.42,42,0.20348837209302326
longitude,-121.31,42,0.20348837209302326
longitude,-117.3,42,0.20348837209302326
longitude,-121.47,41,0.19864341085271317
longitude,-121.85,40,0.1937984496124031
longitude,-121.8,40,0.1937984496124031
longitude,-117.84,40,0.1937984496124031
longitude,-122.5,40,0.1937984496124031
longitude,-117.71,40,0.1937984496124031
longitude,-121.45,40,0.1937984496124031
longitude,-122.34,39,0.18895348837209303
longitude,-117.02,39,0.18895348837209303
longitude,-121.33,39,0.18895348837209303
longitude,-117.67,38,0.18410852713178294
longitude,-117.64,38,0.18410852713178294
longitude,-117.76,38,0.18410852713178294
longitude,-118.52,38,0.18410852713178294
longitude,-121.43,38,0.18410852713178294
longitude,-121.34,38,0.18410852713178294
longitude,-121.36,37,0.17926356589147285
longitude,-121.46,37,0.17926356589147285
longitude,-119.77,37,0.17926356589147285
longitude,-119.69,37,0.17926356589147285
longitude,-117.83,37,0.17926356589147285
longitude,-122.39,36,0.1744186046511628
longitude,-119.81,36,0.1744186046511628
longitude,-119.78,35,0.1695736434108527
longitude,-122.35,35,0.1695736434108527
longitude,-118.5,35,0.1695736434108527
longitude,-117.33,35,0.1695736434108527
longitude,-117.01,35,0.1695736434108527
longitude,-121.79,34,0.16472868217054262
longitude,-122.36,34,0.16472868217054262
longitude,-119.79,34,0.16472868217054262
longitude,-119.72,34,0.16472868217054262
longitude,-120.45,34,0.16472868217054262
longitude,-121.48,34,0.16472868217054262
longitude,-121.25,34,0.16472868217054262
longitude,-121.26,34,0.16472868217054262
longitude,-117.34,34,0.16472868217054262
longitude,-121.35,34,0.16472868217054262
longitude,-121.24,33,0.15988372093023256
longitude,-119.71,33,0.15988372093023256
longitude,-119.02,33,0.15988372093023256
longitude,-118.51,33,0.15988372093023256
longitude,-121.23,33,0.15988372093023256
longitude,-116.99,33,0.15988372093023256
longitude,-117.78,32,0.15503875968992248
longitude,-117.77,32,0.15503875968992248
longitude,-117.37,32,0.15503875968992248
longitude,-121.77,31,0.1501937984496124
longitude,-121.62,31,0.1501937984496124
longitude,-121.49,31,0.1501937984496124
longitude,-119.03,31,0.1501937984496124
longitude,-119.01,31,0.1501937984496124
longitude,-117.79,31,0.1501937984496124
longitude,-117.35,31,0.1501937984496124
longitude,-117.38,31,0.1501937984496124
longitude,-121.38,31,0.1501937984496124
longitude,-121.0,30,0.14534883720930233
longitude,-122.53,30,0.14534883720930233
longitude,-121.76,29,0.14050387596899225
longitude,-122.38,29,0.14050387596899225
longitude,-119.29,29,0.14050387596899225
longitude,-121.22,29,0.14050387596899225
longitude,-119.8,28,0.13565891472868216
longitude,-119.82,28,0.13565891472868216
longitude,-119.73,28,0.13565891472868216
longitude,-118.54,28,0.13565891472868216
longitude,-117.75,28,0.13565891472868216
longitude,-116.95,28,0.13565891472868216
longitude,-116.98,28,0.13565891472868216
longitude,-121.78,27,0.1308139534883721
longitude,-120.98,27,0.1308139534883721
longitude,-120.43,27,0.1308139534883721
longitude,-121.02,27,0.1308139534883721
longitude,-117.72,27,0.1308139534883721
longitude,-121.39,26,0.12596899224806202
longitude,-120.84,26,0.12596899224806202
longitude,-119.19,26,0.12596899224806202
longitude,-117.73,26,0.12596899224806202
longitude,-117.74,26,0.12596899224806202
longitude,-118.53,26,0.12596899224806202
longitude,-122.37,25,0.12112403100775193
longitude,-122.7,25,0.12112403100775193
longitude,-118.56,25,0.12112403100775193
longitude,-117.62,25,0.12112403100775193
longitude,-117.4,25,0.12112403100775193
longitude,-121.63,24,0.11627906976744186
longitude,-121.5,24,0.11627906976744186
longitude,-121.06,24,0.11627906976744186
longitude,-120.99,24,0.11627906976744186
longitude,-120.44,24,0.11627906976744186
longitude,-119.76,24,0.11627906976744186
longitude,-118.99,24,0.11627906976744186
longitude,-119.27,24,0.11627906976744186
longitude,-121.4,24,0.11627906976744186
longitude,-117.36,24,0.11627906976744186
longitude,-117.41,24,0.11627906976744186
longitude,-120.97,23,0.11143410852713179
longitude,-120.46,23,0.11143410852713179
longitude,-120.85,23,0.11143410852713179
longitude,-119.74,23,0.11143410852713179
longitude,-119.7,23,0.11143410852713179
longitude,-121.2,23,0.11143410852713179
longitude,-116.96,23,0.11143410852713179
longitude,-116.97,23,0.11143410852713179
longitude,-121.75,22,0.1065891472868217
longitude,-119.75,22,0.1065891472868217
longitude,-119.85,22,0.1065891472868217
longitude,-118.98,22,0.1065891472868217
longitude,-119.06,22,0.1065891472868217
longitude,-118.61,22,0.1065891472868217
longitude,-122.69,22,0.1065891472868217
longitude,-122.71,22,0.1065891472868217
longitude,-118.55,22,0.1065891472868217
longitude,-118.58,22,0.1065891472868217
longitude,-122.54,22,0.1065891472868217
longitude,-117.39,22,0.1065891472868217
longitude,-120.66,21,0.10174418604651163
longitude,-121.54,21,0.10174418604651163
longitude,-121.41,21,0.10174418604651163
longitude,-121.7,21,0.10174418604651163
longitude,-121.01,21,0.10174418604651163
longitude,-119.83,21,0.10174418604651163
longitude,-119.05,21,0.10174418604651163
longitude,-119.04,21,0.10174418604651163
longitude,-119.18,21,0.10174418604651163
longitude,-117.61,21,0.10174418604651163
longitude,-122.51,20,0.09689922480620156
longitude,-119.67,20,0.09689922480620156
longitude,-121.03,20,0.09689922480620156
longitude,-117.63,20,0.09689922480620156
longitude,-117.59,20,0.09689922480620156
longitude,-117.43,20,0.09689922480620156
longitude,-117.0,20,0.09689922480620156
longitude,-119.17,20,0.09689922480620156
longitude,-121.51,19,0.09205426356589147
longitude,-121.59,19,0.09205426356589147
longitude,-121.56,19,0.09205426356589147
longitude,-121.04,19,0.09205426356589147
longitude,-120.95,19,0.09205426356589147
longitude,-119.32,19,0.09205426356589147
longitude,-119.25,19,0.09205426356589147
longitude,-122.64,19,0.09205426356589147
longitude,-120.47,19,0.09205426356589147
longitude,-121.74,18,0.0872093023255814
longitude,-121.58,18,0.0872093023255814
longitude,-121.65,18,0.0872093023255814
longitude,-121.64,18,0.0872093023255814
longitude,-121.53,18,0.0872093023255814
longitude,-119.31,18,0.0872093023255814
longitude,-119.08,18,0.0872093023255814
longitude,-118.96,18,0.0872093023255814
longitude,-119.23,18,0.0872093023255814
longitude,-118.59,18,0.0872093023255814
longitude,-122.65,18,0.0872093023255814
longitude,-122.52,18,0.0872093023255814
longitude,-121.21,18,0.0872093023255814
longitude,-117.58,18,0.0872093023255814
longitude,-117.42,18,0.0872093023255814
longitude,-120.65,17,0.08236434108527131
longitude,-120.69,17,0.08236434108527131
longitude,-121.57,17,0.08236434108527131
longitude,-121.52,17,0.08236434108527131
longitude,-121.55,17,0.08236434108527131
longitude,-121.67,17,0.08236434108527131
longitude,-120.96,17,0.08236434108527131
longitude,-119.68,17,0.08236434108527131
longitude,-118.94,17,0.08236434108527131
longitude,-119.34,17,0.08236434108527131
longitude,-122.68,17,0.08236434108527131
longitude,-122.55,17,0.08236434108527131
longitude,-118.57,17,0.08236434108527131
longitude,-122.56,17,0.08236434108527131
longitude,-120.94,17,0.08236434108527131
longitude,-121.18,17,0.08236434108527131
longitude,-117.6,17,0.08236434108527131
longitude,-116.94,17,0.08236434108527131
longitude,-120.87,16,0.07751937984496124
longitude,-121.6,16,0.07751937984496124
longitude,-120.86,16,0.07751937984496124
longitude,-119.84,16,0.07751937984496124
longitude,-119.33,16,0.07751937984496124
longitude,-119.21,16,0.07751937984496124
longitude,-119.0,16,0.07751937984496124
longitude,-118.95,16,0.07751937984496124
longitude,-122.66,16,0.07751937984496124
longitude,-122.62,16,0.07751937984496124
longitude,-122.72,16,0.07751937984496124
longitude,-119.3,16,0.07751937984496124
longitude,-117.44,16,0.07751937984496124
longitude,-117.46,16,0.07751937984496124
longitude,-121.61,15,0.07267441860465117
longitude,-120.93,15,0.07267441860465117
longitude,-121.66,15,0.07267441860465117
longitude,-120.42,15,0.07267441860465117
longitude,-124.16,15,0.07267441860465117
longitude,-120.83,15,0.07267441860465117
longitude,-119.28,15,0.07267441860465117
longitude,-119.45,15,0.07267441860465117
longitude,-118.6,15,0.07267441860465117
longitude,-118.97,15,0.07267441860465117
longitude,-122.73,15,0.07267441860465117
longitude,-122.63,15,0.07267441860465117
longitude,-118.75,15,0.07267441860465117
longitude,-120.48,15,0.07267441860465117
longitude,-121.13,15,0.07267441860465117
longitude,-116.91,15,0.07267441860465117
longitude,-116.92,15,0.07267441860465117
longitude,-116.93,15,0.07267441860465117
longitude,-121.07,14,0.06782945736434108
longitude,-120.08,14,0.06782945736434108
longitude,-119.63,14,0.06782945736434108
longitude,-119.64,14,0.06782945736434108
longitude,-119.57,14,0.06782945736434108
longitude,-119.12,14,0.06782945736434108
longitude,-115.57,14,0.06782945736434108
longitude,-119.09,14,0.06782945736434108
longitude,-119.2,14,0.06782945736434108
longitude,-118.85,14,0.06782945736434108
longitude,-121.14,14,0.06782945736434108
longitude,-117.55,14,0.06782945736434108
longitude,-116.9,14,0.06782945736434108
longitude,-120.79,13,0.06298449612403101
longitude,-121.19,13,0.06298449612403101
longitude,-120.67,13,0.06298449612403101
longitude,-120.41,13,0.06298449612403101
longitude,-124.14,13,0.06298449612403101
longitude,-119.65,13,0.06298449612403101
longitude,-119.35,13,0.06298449612403101
longitude,-118.62,13,0.06298449612403101
longitude,-122.57,13,0.06298449612403101
longitude,-117.48,13,0.06298449612403101
longitude,-116.89,13,0.06298449612403101
longitude,-121.73,12,0.05813953488372093
longitude,-120.59,12,0.05813953488372093
longitude,-120.76,12,0.05813953488372093
longitude,-121.69,12,0.05813953488372093
longitude,-124.17,12,0.05813953488372093
longitude,-119.98,12,0.05813953488372093
longitude,-120.06,12,0.05813953488372093
longitude,-121.09,12,0.05813953488372093
longitude,-121.08,12,0.05813953488372093
longitude,-119.56,12,0.05813953488372093
longitude,-119.55,12,0.05813953488372093
longitude,-118.9,12,0.05813953488372093
longitude,-122.59,12,0.05813953488372093
longitude,-120.64,12,0.05813953488372093
longitude,-118.86,12,0.05813953488372093
longitude,-120.61,12,0.05813953488372093
longitude,-121.05,12,0.05813953488372093
longitude,-117.5,12,0.05813953488372093
longitude,-117.57,12,0.05813953488372093
longitude,-120.62,11,0.05329457364341085
longitude,-121.68,11,0.05329457364341085
longitude,-120.57,11,0.05329457364341085
longitude,-120.02,11,0.05329457364341085
longitude,-120.1,11,0.05329457364341085
longitude,-120.6,11,0.05329457364341085
longitude,-120.35,11,0.05329457364341085
longitude,-122.74,11,0.05329457364341085
longitude,-115.56,11,0.05329457364341085
longitude,-118.92,11,0.05329457364341085
longitude,-118.88,11,0.05329457364341085
longitude,-119.16,11,0.05329457364341085
longitude,-119.26,11,0.05329457364341085
longitude,-119.14,11,0.05329457364341085
longitude,-122.61,11,0.05329457364341085
longitude,-118.63,11,0.05329457364341085
longitude,-122.58,11,0.05329457364341085
longitude,-117.49,11,0.05329457364341085
longitude,-117.53,11,0.05329457364341085
longitude,-122.67,11,0.05329457364341085
longitude,-122.82,11,0.05329457364341085
longitude,-120.71,10,0.04844961240310078
longitude,-121.71,10,0.04844961240310078
longitude,-120.91,10,0.04844961240310078
longitude,-120.37,10,0.04844961240310078
longitude,-120.27,10,0.04844961240310078
longitude,-120.04,10,0.04844961240310078
longitude,-119.87,10,0.04844961240310078
longitude,-119.86,10,0.04844961240310078
longitude,-119.88,10,0.04844961240310078
longitude,-118.91,10,0.04844961240310078
longitude,-115.52,10,0.04844961240310078
longitude,-118.93,10,0.04844961240310078
longitude,-119.1,10,0.04844961240310078
longitude,-119.22,10,0.04844961240310078
longitude,-122.91,10,0.04844961240310078
longitude,-121.11,10,0.04844961240310078
longitude,-120.49,10,0.04844961240310078
longitude,-117.45,10,0.04844961240310078
longitude,-117.47,10,0.04844961240310078
longitude,-117.56,10,0.04844961240310078
longitude,-116.88,10,0.04844961240310078
longitude,-116.86,10,0.04844961240310078
longitude,-120.55,9,0.0436046511627907
longitude,-120.25,9,0.0436046511627907
longitude,-120.88,9,0.0436046511627907
longitude,-120.9,9,0.0436046511627907
longitude,-124.15,9,0.0436046511627907
longitude,-120.92,9,0.0436046511627907
longitude,-120.7,9,0.0436046511627907
longitude,-120.63,9,0.0436046511627907
longitude,-120.07,9,0.0436046511627907
longitude,-119.61,9,0.0436046511627907
longitude,-120.38,9,0.0436046511627907
longitude,-124.09,9,0.0436046511627907
longitude,-119.07,9,0.0436046511627907
longitude,-118.83,9,0.0436046511627907
longitude,-119.66,9,0.0436046511627907
longitude,-118.7,9,0.0436046511627907
longitude,-123.21,9,0.0436046511627907
longitude,-120.89,9,0.0436046511627907
longitude,-120.4,9,0.0436046511627907
longitude,-121.16,9,0.0436046511627907
longitude,-121.1,9,0.0436046511627907
longitude,-121.15,9,0.0436046511627907
longitude,-117.51,9,0.0436046511627907
longitude,-120.0,8,0.03875968992248062
longitude,-120.72,8,0.03875968992248062
longitude,-120.19,8,0.03875968992248062
longitude,-120.01,8,0.03875968992248062
longitude,-120.81,8,0.03875968992248062
longitude,-119.53,8,0.03875968992248062
longitude,-119.59,8,0.03875968992248062
longitude,-119.46,8,0.03875968992248062
longitude,-119.44,8,0.03875968992248062
longitude,-120.09,8,0.03875968992248062
longitude,-120.51,8,0.03875968992248062
longitude,-124.1,8,0.03875968992248062
longitude,-118.87,8,0.03875968992248062
longitude,-119.15,8,0.03875968992248062
longitude,-122.87,8,0.03875968992248062
longitude,-122.86,8,0.03875968992248062
longitude,-122.83,8,0.03875968992248062
longitude,-122.79,8,0.03875968992248062
longitude,-122.6,8,0.03875968992248062
longitude,-122.75,8,0.03875968992248062
longitude,-118.64,8,0.03875968992248062
longitude,-118.74,8,0.03875968992248062
longitude,-120.68,8,0.03875968992248062
longitude,-120.82,8,0.03875968992248062
longitude,-121.12,8,0.03875968992248062
longitude,-116.87,8,0.03875968992248062
longitude,-122.76,8,0.03875968992248062
longitude,-121.72,7,0.03391472868217054
longitude,-120.8,7,0.03391472868217054
longitude,-119.95,7,0.03391472868217054
longitude,-119.99,7,0.03391472868217054
longitude,-120.5,7,0.03391472868217054
longitude,-119.89,7,0.03391472868217054
longitude,-120.05,7,0.03391472868217054
longitude,-119.4,7,0.03391472868217054
longitude,-119.24,7,0.03391472868217054
longitude,-124.08,7,0.03391472868217054
longitude,-115.55,7,0.03391472868217054
longitude,-119.11,7,0.03391472868217054
longitude,-119.38,7,0.03391472868217054
longitude,-118.66,7,0.03391472868217054
longitude,-122.89,7,0.03391472868217054
longitude,-122.78,7,0.03391472868217054
longitude,-120.2,7,0.03391472868217054
longitude,-118.65,7,0.03391472868217054
longitude,-118.68,7,0.03391472868217054
longitude,-123.22,7,0.03391472868217054
longitude,-121.17,7,0.03391472868217054
longitude,-118.77,7,0.03391472868217054
longitude,-120.56,6,0.029069767441860465
longitude,-120.54,6,0.029069767441860465
longitude,-120.16,6,0.029069767441860465
longitude,-120.3,6,0.029069767441860465
longitude,-120.58,6,0.029069767441860465
longitude,-119.6,6,0.029069767441860465
longitude,-120.31,6,0.029069767441860465
longitude,-120.18,6,0.029069767441860465
longitude,-120.39,6,0.029069767441860465
longitude,-124.18,6,0.029069767441860465
longitude,-124.13,6,0.029069767441860465
longitude,-115.54,6,0.029069767441860465
longitude,-116.22,6,0.029069767441860465
longitude,-119.36,6,0.029069767441860465
longitude,-120.12,6,0.029069767441860465
longitude,-122.94,6,0.029069767441860465
longitude,-122.85,6,0.029069767441860465
longitude,-122.84,6,0.029069767441860465
longitude,-118.84,6,0.029069767441860465
longitude,-120.15,6,0.029069767441860465
longitude,-120.24,6,0.029069767441860465
longitude,-117.52,6,0.029069767441860465
longitude,-117.54,6,0.029069767441860465
longitude,-116.48,6,0.029069767441860465
longitude,-116.57,6,0.029069767441860465
longitude,-116.76,6,0.029069767441860465
longitude,-116.51,6,0.029069767441860465
longitude,-116.52,6,0.029069767441860465
longitude,-116.47,6,0.029069767441860465
longitude,-116.54,6,0.029069767441860465
longitude,-116.31,6,0.029069767441860465
longitude,-118.71,6,0.029069767441860465
longitude,-119.93,5,0.02422480620155039
longitude,-120.77,5,0.02422480620155039
longitude,-120.33,5,0.02422480620155039
longitude,-119.96,5,0.02422480620155039
longitude,-120.13,5,0.02422480620155039
longitude,-119.9,5,0.02422480620155039
longitude,-119.58,5,0.02422480620155039
longitude,-119.54,5,0.02422480620155039
longitude,-119.52,5,0.02422480620155039
longitude,-119.39,5,0.02422480620155039
longitude,-119.48,5,0.02422480620155039
longitude,-119.62,5,0.02422480620155039
longitude,-124.11,5,0.02422480620155039
longitude,-115.53,5,0.02422480620155039
longitude,-115.49,5,0.02422480620155039
longitude,-115.58,5,0.02422480620155039
longitude,-118.82,5,0.02422480620155039
longitude,-120.14,5,0.02422480620155039
longitude,-122.9,5,0.02422480620155039
longitude,-122.92,5,0.02422480620155039
longitude,-118.67,5,0.02422480620155039
longitude,-118.72,5,0.02422480620155039
longitude,-118.78,5,0.02422480620155039
longitude,-118.8,5,0.02422480620155039
longitude,-119.51,5,0.02422480620155039
longitude,-120.26,5,0.02422480620155039
longitude,-120.11,5,0.02422480620155039
longitude,-122.81,5,0.02422480620155039
longitude,-123.2,5,0.02422480620155039
longitude,-120.23,5,0.02422480620155039
longitude,-116.44,5,0.02422480620155039
longitude,-116.53,5,0.02422480620155039
longitude,-116.5,5,0.02422480620155039
longitude,-116.38,5,0.02422480620155039
longitude,-116.21,5,0.02422480620155039
longitude,-116.85,5,0.02422480620155039
longitude,-116.84,5,0.02422480620155039
longitude,-123.02,5,0.02422480620155039
longitude,-119.37,5,0.02422480620155039
longitude,-118.73,5,0.02422480620155039
longitude,-120.36,4,0.01937984496124031
longitude,-124.19,4,0.01937984496124031
longitude,-119.94,4,0.01937984496124031
longitude,-119.97,4,0.01937984496124031
longitude,-120.32,4,0.01937984496124031
longitude,-119.5,4,0.01937984496124031
longitude,-119.47,4,0.01937984496124031
longitude,-119.43,4,0.01937984496124031
longitude,-120.22,4,0.01937984496124031
longitude,-115.51,4,0.01937984496124031
longitude,-115.73,4,0.01937984496124031
longitude,-115.59,4,0.01937984496124031
longitude,-115.37,4,0.01937984496124031
longitude,-119.13,4,0.01937984496124031
longitude,-119.42,4,0.01937984496124031
longitude,-122.95,4,0.01937984496124031
longitude,-122.8,4,0.01937984496124031
longitude,-122.77,4,0.01937984496124031
longitude,-118.76,4,0.01937984496124031
longitude,-120.29,4,0.01937984496124031
longitude,-122.93,4,0.01937984496124031
longitude,-123.79,4,0.01937984496124031
longitude,-123.8,4,0.01937984496124031
longitude,-123.36,4,0.01937984496124031
longitude,-123.1,4,0.01937984496124031
longitude,-120.74,4,0.01937984496124031
longitude,-116.42,4,0.01937984496124031
longitude,-116.39,4,0.01937984496124031
longitude,-116.46,4,0.01937984496124031
longitude,-116.43,4,0.01937984496124031
longitude,-116.37,4,0.01937984496124031
longitude,-116.29,4,0.01937984496124031
longitude,-116.25,4,0.01937984496124031
longitude,-116.24,4,0.01937984496124031
longitude,-123.01,4,0.01937984496124031
longitude,-118.89,4,0.01937984496124031
longitude,-124.23,3,0.014534883720930232
longitude,-124.21,3,0.014534883720930232
longitude,-119.92,3,0.014534883720930232
longitude,-120.78,3,0.014534883720930232
longitude,-120.21,3,0.014534883720930232
longitude,-119.91,3,0.014534883720930232
longitude,-119.49,3,0.014534883720930232
longitude,-124.06,3,0.014534883720930232
longitude,-124.05,3,0.014534883720930232
longitude,-124.07,3,0.014534883720930232
longitude,-123.85,3,0.014534883720930232
longitude,-123.73,3,0.014534883720930232
longitude,-123.84,3,0.014534883720930232
longitude,-115.6,3,0.014534883720930232
longitude,-115.5,3,0.014534883720930232
longitude,-116.0,3,0.014534883720930232
longitude,-114.65,3,0.014534883720930232
longitude,-122.88,3,0.014534883720930232
longitude,-118.69,3,0.014534883720930232
longitude,-118.79,3,0.014534883720930232
longitude,-122.96,3,0.014534883720930232
longitude,-123.15,3,0.014534883720930232
longitude,-123.23,3,0.014534883720930232
longitude,-123.34,3,0.014534883720930232
longitude,-123.35,3,0.014534883720930232
longitude,-123.18,3,0.014534883720930232
longitude,-123.19,3,0.014534883720930232
longitude,-123.17,3,0.014534883720930232
longitude,-120.75,3,0.014534883720930232
longitude,-120.73,3,0.014534883720930232
longitude,-120.17,3,0.014534883720930232
longitude,-116.79,3,0.014534883720930232
longitude,-116.77,3,0.014534883720930232
longitude,-116.75,3,0.014534883720930232
longitude,-116.8,3,0.014534883720930232
longitude,-116.56,3,0.014534883720930232
longitude,-116.45,3,0.014534883720930232
longitude,-116.4,3,0.014534883720930232
longitude,-116.33,3,0.014534883720930232
longitude,-116.26,3,0.014534883720930232
longitude,-116.23,3,0.014534883720930232
longitude,-116.2,3,0.014534883720930232
longitude,-116.15,3,0.014534883720930232
longitude,-116.17,3,0.014534883720930232
longitude,-114.57,3,0.014534883720930232
longitude,-114.61,3,0.014534883720930232
longitude,-114.6,3,0.014534883720930232
longitude,-116.32,3,0.014534883720930232
longitude,-116.83,3,0.014534883720930232
longitude,-123.41,3,0.014534883720930232
longitude,-123.08,3,0.014534883720930232
longitude,-120.28,3,0.014534883720930232
longitude,-120.34,2,0.009689922480620155
longitude,-124.3,2,0.009689922480620155
longitude,-120.03,2,0.009689922480620155
longitude,-119.41,2,0.009689922480620155
longitude,-124.02,2,0.009689922480620155
longitude,-124.01,2,0.009689922480620155
longitude,-124.0,2,0.009689922480620155
longitude,-123.82,2,0.009689922480620155
longitude,-123.75,2,0.009689922480620155
longitude,-115.62,2,0.009689922480620155
longitude,-115.4,2,0.009689922480620155
longitude,-115.38,2,0.009689922480620155
longitude,-115.64,2,0.009689922480620155
longitude,-115.48,2,0.009689922480620155
longitude,-116.05,2,0.009689922480620155
longitude,-115.9,2,0.009689922480620155
longitude,-116.01,2,0.009689922480620155
longitude,-114.98,2,0.009689922480620155
longitude,-123.07,2,0.009689922480620155
longitude,-123.24,2,0.009689922480620155
longitude,-123.32,2,0.009689922480620155
longitude,-123.38,2,0.009689922480620155
longitude,-123.11,2,0.009689922480620155
longitude,-123.81,2,0.009689922480620155
longitude,-123.53,2,0.009689922480620155
longitude,-123.16,2,0.009689922480620155
longitude,-116.71,2,0.009689922480620155
longitude,-116.68,2,0.009689922480620155
longitude,-116.74,2,0.009689922480620155
longitude,-116.72,2,0.009689922480620155
longitude,-116.6,2,0.009689922480620155
longitude,-116.61,2,0.009689922480620155
longitude,-116.36,2,0.009689922480620155
longitude,-116.49,2,0.009689922480620155
longitude,-116.41,2,0.009689922480620155
longitude,-116.19,2,0.009689922480620155
longitude,-116.18,2,0.009689922480620155
longitude,-114.59,2,0.009689922480620155
longitude,-114.58,2,0.009689922480620155
longitude,-116.14,2,0.009689922480620155
longitude,-116.35,2,0.009689922480620155
longitude,-116.62,2,0.009689922480620155
longitude,-116.06,2,0.009689922480620155
longitude,-116.58,2,0.009689922480620155
longitude,-116.66,2,0.009689922480620155
longitude,-120.52,2,0.009689922480620155
longitude,-123.0,2,0.009689922480620155
longitude,-122.97,2,0.009689922480620155
longitude,-123.48,2,0.009689922480620155
longitude,-118.81,2,0.009689922480620155
longitude,-124.22,1,0.0048449612403100775
longitude,-123.91,1,0.0048449612403100775
longitude,-123.83,1,0.0048449612403100775
longitude,-123.92,1,0.0048449612403100775
longitude,-123.74,1,0.0048449612403100775
longitude,-123.76,1,0.0048449612403100775
longitude,-123.72,1,0.0048449612403100775
longitude,-123.63,1,0.0048449612403100775
longitude,-123.66,1,0.0048449612403100775
longitude,-123.52,1,0.0048449612403100775
longitude,-123.98,1,0.0048449612403100775
longitude,-123.88,1,0.0048449612403100775
longitude,-124.27,1,0.0048449612403100775
longitude,-123.96,1,0.0048449612403100775
longitude,-124.03,1,0.0048449612403100775
longitude,-124.26,1,0.0048449612403100775
longitude,-124.35,1,0.0048449612403100775
longitude,-124.25,1,0.0048449612403100775
longitude,-123.68,1,0.0048449612403100775
longitude,-123.78,1,0.0048449612403100775
longitude,-115.46,1,0.0048449612403100775
longitude,-115.41,1,0.0048449612403100775
longitude,-115.32,1,0.0048449612403100775
longitude,-115.39,1,0.0048449612403100775
longitude,-115.69,1,0.0048449612403100775
longitude,-115.72,1,0.0048449612403100775
longitude,-115.88,1,0.0048449612403100775
longitude,-115.99,1,0.0048449612403100775
longitude,-115.94,1,0.0048449612403100775
longitude,-115.98,1,0.0048449612403100775
longitude,-115.91,1,0.0048449612403100775
longitude,-115.96,1,0.0048449612403100775
longitude,-115.95,1,0.0048449612403100775
longitude,-115.8,1,0.0048449612403100775
longitude,-114.73,1,0.0048449612403100775
longitude,-114.55,1,0.0048449612403100775
longitude,-114.63,1,0.0048449612403100775
longitude,-114.66,1,0.0048449612403100775
longitude,-122.99,1,0.0048449612403100775
longitude,-123.47,1,0.0048449612403100775
longitude,-123.71,1,0.0048449612403100775
longitude,-123.58,1,0.0048449612403100775
longitude,-123.5,1,0.0048449612403100775
longitude,-123.64,1,0.0048449612403100775
longitude,-123.4,1,0.0048449612403100775
longitude,-123.37,1,0.0048449612403100775
longitude,-123.7,1,0.0048449612403100775
longitude,-123.69,1,0.0048449612403100775
longitude,-123.59,1,0.0048449612403100775
longitude,-123.54,1,0.0048449612403100775
longitude,-123.39,1,0.0048449612403100775
longitude,-120.53,1,0.0048449612403100775
longitude,-116.81,1,0.0048449612403100775
longitude,-116.69,1,0.0048449612403100775
longitude,-116.63,1,0.0048449612403100775
longitude,-116.55,1,0.0048449612403100775
longitude,-116.3,1,0.0048449612403100775
longitude,-116.11,1,0.0048449612403100775
longitude,-116.12,1,0.0048449612403100775
longitude,-115.84,1,0.0048449612403100775
longitude,-116.16,1,0.0048449612403100775
longitude,-116.08,1,0.0048449612403100775
longitude,-115.22,1,0.0048449612403100775
longitude,-114.67,1,0.0048449612403100775
longitude,-114.49,1,0.0048449612403100775
longitude,-114.68,1,0.0048449612403100775
longitude,-114.56,1,0.0048449612403100775
longitude,-114.62,1,0.0048449612403100775
longitude,-115.93,1,0.0048449612403100775
longitude,-115.75,1,0.0048449612403100775
longitude,-116.27,1,0.0048449612403100775
longitude,-116.73,1,0.0048449612403100775
longitude,-116.09,1,0.0048449612403100775
longitude,-116.02,1,0.0048449612403100775
longitude,-115.85,1,0.0048449612403100775
longitude,-114.94,1,0.0048449612403100775
longitude,-114.47,1,0.0048449612403100775
longitude,-114.31,1,0.0048449612403100775
longitude,-114.64,1,0.0048449612403100775
longitude,-116.82,1,0.0048449612403100775
longitude,-116.78,1,0.0048449612403100775
longitude,-116.67,1,0.0048449612403100775
longitude,-116.34,1,0.0048449612403100775
longitude,-116.28,1,0.0048449612403100775
longitude,-123.26,1,0.0048449612403100775
longitude,-123.04,1,0.0048449612403100775
longitude,-122.98,1,0.0048449612403100775
longitude,-123.03,1,0.0048449612403100775
longitude,-123.49,1,0.0048449612403100775
longitude,-123.25,1,0.0048449612403100775
longitude,-123.28,1,0.0048449612403100775
longitude,-123.13,1,0.0048449612403100775
longitude,-123.12,1,0.0048449612403100775
longitude,-123.43,1,0.0048449612403100775
latitude,34.06,244,1.1821705426356588
latitude,34.05,236,1.1434108527131783
latitude,34.08,234,1.1337209302325582
latitude,34.07,231,1.119186046511628
latitude,34.04,221,1.0707364341085273
latitude,34.09,212,1.0271317829457365
latitude,34.02,208,1.0077519379844961
latitude,34.1,203,0.9835271317829457
latitude,34.03,193,0.935077519379845
latitude,33.93,181,0.876937984496124
latitude,33.94,175,0.8478682170542635
latitude,33.97,172,0.8333333333333334
latitude,33.99,168,0.813953488372093
latitude,33.88,164,0.7945736434108527
latitude,34.11,162,0.7848837209302326
latitude,33.98,162,0.7848837209302326
latitude,34.16,159,0.7703488372093024
latitude,34.12,158,0.7655038759689923
latitude,34.15,157,0.7606589147286822
latitude,34.01,156,0.7558139534883721
latitude,34.17,154,0.7461240310077519
latitude,33.89,154,0.7461240310077519
latitude,34.14,152,0.7364341085271318
latitude,34.0,152,0.7364341085271318
latitude,33.9,152,0.7364341085271318
latitude,33.96,150,0.7267441860465116
latitude,34.13,147,0.7122093023255814
latitude,33.92,146,0.7073643410852714
latitude,33.91,143,0.6928294573643411
latitude,33.84,141,0.6831395348837209
latitude,33.95,139,0.6734496124031009
latitude,34.18,136,0.6589147286821705
latitude,37.76,135,0.6540697674418605
latitude,34.19,131,0.6346899224806202
latitude,33.87,130,0.6298449612403101
latitude,33.82,130,0.6298449612403101
latitude,33.79,129,0.625
latitude,37.78,126,0.6104651162790697
latitude,33.83,126,0.6104651162790697
latitude,37.77,120,0.5813953488372093
latitude,37.8,119,0.5765503875968992
latitude,37.75,117,0.5668604651162791
latitude,33.86,117,0.5668604651162791
latitude,33.78,117,0.5668604651162791
latitude,33.77,117,0.5668604651162791
latitude,37.79,116,0.562015503875969
latitude,33.81,114,0.5523255813953488
latitude,33.85,112,0.5426356589147286
latitude,34.2,109,0.5281007751937985
latitude,37.74,108,0.5232558139534884
latitude,33.8,106,0.5135658914728682
latitude,32.75,102,0.4941860465116279
latitude,37.73,97,0.4699612403100776
latitude,33.74,97,0.4699612403100776
latitude,34.21,96,0.46511627906976744
latitude,32.8,93,0.45058139534883723
latitude,37.96,92,0.44573643410852715
latitude,33.76,90,0.436046511627907
latitude,33.75,89,0.43120155038759694
latitude,34.22,86,0.4166666666666667
latitude,37.35,81,0.3924418604651163
latitude,33.73,81,0.3924418604651163
latitude,37.97,79,0.38275193798449614
latitude,34.23,79,0.38275193798449614
latitude,34.27,78,0.37790697674418605
latitude,37.72,77,0.37306201550387597
latitude,37.81,76,0.3682170542635659
latitude,34.26,76,0.3682170542635659
latitude,37.34,76,0.3682170542635659
latitude,37.68,74,0.3585271317829457
latitude,34.28,74,0.3585271317829457
latitude,37.66,73,0.3536821705426357
latitude,37.95,73,0.3536821705426357
latitude,38.0,72,0.3488372093023256
latitude,32.76,72,0.3488372093023256
latitude,37.36,71,0.3439922480620155
latitude,33.72,71,0.3439922480620155
latitude,37.94,70,0.3391472868217054
latitude,34.25,70,0.3391472868217054
latitude,37.71,69,0.33430232558139533
latitude,32.79,69,0.33430232558139533
latitude,32.74,69,0.33430232558139533
latitude,34.24,69,0.33430232558139533
latitude,37.33,69,0.33430232558139533
latitude,37.69,68,0.32945736434108525
latitude,37.67,67,0.3246124031007752
latitude,37.99,67,0.3246124031007752
latitude,37.98,66,0.31976744186046513
latitude,33.71,66,0.31976744186046513
latitude,37.31,66,0.31976744186046513
latitude,38.01,64,0.31007751937984496
latitude,37.3,61,0.2955426356589147
latitude,37.7,60,0.29069767441860467
latitude,37.32,60,0.29069767441860467
latitude,32.81,59,0.2858527131782946
latitude,37.64,58,0.2810077519379845
latitude,37.93,58,0.2810077519379845
latitude,37.37,58,0.2810077519379845
latitude,33.65,57,0.2761627906976744
latitude,33.68,54,0.2616279069767442
latitude,37.88,53,0.2567829457364341
latitude,37.39,52,0.25193798449612403
latitude,38.67,51,0.24709302325581395
latitude,37.29,51,0.24709302325581395
latitude,32.77,50,0.24224806201550386
latitude,37.4,50,0.24224806201550386
latitude,33.67,50,0.24224806201550386
latitude,37.82,49,0.2374031007751938
latitude,34.44,49,0.2374031007751938
latitude,37.38,49,0.2374031007751938
latitude,38.03,48,0.23255813953488372
latitude,32.73,48,0.23255813953488372
latitude,33.61,48,0.23255813953488372
latitude,38.55,47,0.22771317829457363
latitude,38.58,47,0.22771317829457363
latitude,38.61,47,0.22771317829457363
latitude,38.57,47,0.22771317829457363
latitude,34.43,47,0.22771317829457363
latitude,32.71,47,0.22771317829457363
latitude,37.9,46,0.22286821705426357
latitude,37.89,46,0.22286821705426357
latitude,37.54,46,0.22286821705426357
latitude,38.02,46,0.22286821705426357
latitude,32.78,46,0.22286821705426357
latitude,37.85,45,0.2180232558139535
latitude,38.68,45,0.2180232558139535
latitude,38.56,45,0.2180232558139535
latitude,32.72,45,0.2180232558139535
latitude,37.86,44,0.2131782945736434
latitude,37.65,44,0.2131782945736434
latitude,37.53,44,0.2131782945736434
latitude,32.82,44,0.2131782945736434
latitude,37.27,44,0.2131782945736434
latitude,33.66,44,0.2131782945736434
latitude,37.63,43,0.20833333333333334
latitude,32.69,43,0.20833333333333334
latitude,33.69,43,0.20833333333333334
latitude,37.26,43,0.20833333333333334
latitude,33.63,43,0.20833333333333334
latitude,37.92,42,0.20348837209302326
latitude,38.66,42,0.20348837209302326
latitude,37.25,42,0.20348837209302326
latitude,32.7,42,0.20348837209302326
latitude,38.54,41,0.19864341085271317
latitude,37.28,41,0.19864341085271317
latitude,36.8,40,0.1937984496124031
latitude,32.83,40,0.1937984496124031
latitude,33.7,40,0.1937984496124031
latitude,37.87,39,0.18895348837209303
latitude,37.58,39,0.18895348837209303
latitude,38.69,39,0.18895348837209303
latitude,36.83,39,0.18895348837209303
latitude,33.64,39,0.18895348837209303
latitude,37.56,38,0.18410852713178294
latitude,37.47,38,0.18410852713178294
latitude,37.91,38,0.18410852713178294
latitude,34.42,38,0.18410852713178294
latitude,33.6,38,0.18410852713178294
latitude,38.53,37,0.17926356589147285
latitude,36.97,37,0.17926356589147285
latitude,37.84,36,0.1744186046511628
latitude,37.83,36,0.1744186046511628
latitude,33.62,36,0.1744186046511628
latitude,37.57,35,0.1695736434108527
latitude,35.37,35,0.1695736434108527
latitude,36.32,35,0.1695736434108527
latitude,37.44,35,0.1695736434108527
latitude,37.6,34,0.16472868217054262
latitude,37.59,34,0.16472868217054262
latitude,37.55,34,0.16472868217054262
latitude,34.29,34,0.16472868217054262
latitude,37.43,34,0.16472868217054262
latitude,37.62,33,0.15988372093023256
latitude,37.48,33,0.15988372093023256
latitude,38.46,33,0.15988372093023256
latitude,38.44,33,0.15988372093023256
latitude,36.98,33,0.15988372093023256
latitude,38.25,32,0.15503875968992248
latitude,38.62,32,0.15503875968992248
latitude,36.77,32,0.15503875968992248
latitude,36.79,32,0.15503875968992248
latitude,36.96,32,0.15503875968992248
latitude,37.46,32,0.15503875968992248
latitude,36.75,31,0.1501937984496124
latitude,36.76,31,0.1501937984496124
latitude,37.41,31,0.1501937984496124
latitude,37.61,30,0.14534883720930233
latitude,38.34,30,0.14534883720930233
latitude,36.72,30,0.14534883720930233
latitude,32.85,30,0.14534883720930233
latitude,32.68,30,0.14534883720930233
latitude,38.59,30,0.14534883720930233
latitude,37.52,29,0.14050387596899225
latitude,38.51,29,0.14050387596899225
latitude,39.15,29,0.14050387596899225
latitude,36.81,29,0.14050387596899225
latitude,37.45,29,0.14050387596899225
latitude,38.04,28,0.13565891472868216
latitude,38.65,28,0.13565891472868216
latitude,38.63,28,0.13565891472868216
latitude,36.78,28,0.13565891472868216
latitude,34.3,28,0.13565891472868216
latitude,34.41,28,0.13565891472868216
latitude,38.64,28,0.13565891472868216
latitude,37.24,28,0.13565891472868216
latitude,33.2,27,0.1308139534883721
latitude,37.23,27,0.1308139534883721
latitude,37.51,26,0.12596899224806202
latitude,36.62,26,0.12596899224806202
latitude,36.61,26,0.12596899224806202
latitude,36.6,26,0.12596899224806202
latitude,33.19,26,0.12596899224806202
latitude,32.84,26,0.12596899224806202
latitude,32.67,26,0.12596899224806202
latitude,35.36,26,0.12596899224806202
latitude,32.58,26,0.12596899224806202
latitude,38.48,25,0.12112403100775193
latitude,38.43,25,0.12112403100775193
latitude,38.11,25,0.12112403100775193
latitude,38.7,25,0.12112403100775193
latitude,35.38,25,0.12112403100775193
latitude,34.4,25,0.12112403100775193
latitude,38.13,25,0.12112403100775193
latitude,38.5,24,0.11627906976744186
latitude,38.26,24,0.11627906976744186
latitude,36.74,24,0.11627906976744186
latitude,32.86,24,0.11627906976744186
latitude,34.45,24,0.11627906976744186
latitude,38.36,23,0.11143410852713179
latitude,38.35,23,0.11143410852713179
latitude,38.6,23,0.11143410852713179
latitude,36.82,23,0.11143410852713179
latitude,37.5,22,0.1065891472868217
latitude,38.52,22,0.1065891472868217
latitude,38.29,22,0.1065891472868217
latitude,38.1,22,0.1065891472868217
latitude,37.49,21,0.10174418604651163
latitude,38.45,21,0.10174418604651163
latitude,38.42,21,0.10174418604651163
latitude,38.31,21,0.10174418604651163
latitude,38.12,21,0.10174418604651163
latitude,39.13,21,0.10174418604651163
latitude,36.73,21,0.10174418604651163
latitude,36.3,21,0.10174418604651163
latitude,36.33,21,0.10174418604651163
latitude,33.51,21,0.10174418604651163
latitude,34.96,21,0.10174418604651163
latitude,38.24,20,0.09689922480620156
latitude,36.59,20,0.09689922480620156
latitude,36.34,20,0.09689922480620156
latitude,35.39,20,0.09689922480620156
latitude,35.35,20,0.09689922480620156
latitude,37.42,20,0.09689922480620156
latitude,38.49,20,0.09689922480620156
latitude,38.32,19,0.09205426356589147
latitude,38.07,19,0.09205426356589147
latitude,38.33,19,0.09205426356589147
latitude,38.94,19,0.09205426356589147
latitude,38.73,19,0.09205426356589147
latitude,38.71,19,0.09205426356589147
latitude,36.71,19,0.09205426356589147
latitude,36.85,19,0.09205426356589147
latitude,36.21,19,0.09205426356589147
latitude,35.4,19,0.09205426356589147
latitude,38.27,19,0.09205426356589147
latitude,32.64,19,0.09205426356589147
latitude,33.15,19,0.09205426356589147
latitude,33.14,19,0.09205426356589147
latitude,38.37,18,0.0872093023255814
latitude,36.84,18,0.0872093023255814
latitude,33.12,18,0.0872093023255814
latitude,35.41,18,0.0872093023255814
latitude,34.65,18,0.0872093023255814
latitude,32.57,18,0.0872093023255814
latitude,32.63,18,0.0872093023255814
latitude,33.03,18,0.0872093023255814
latitude,38.47,17,0.08236434108527131
latitude,38.4,17,0.08236434108527131
latitude,38.28,17,0.08236434108527131
latitude,38.41,17,0.08236434108527131
latitude,38.92,17,0.08236434108527131
latitude,35.33,17,0.08236434108527131
latitude,36.31,17,0.08236434108527131
latitude,38.3,17,0.08236434108527131
latitude,33.22,17,0.08236434108527131
latitude,39.75,16,0.07751937984496124
latitude,36.7,16,0.07751937984496124
latitude,36.55,16,0.07751937984496124
latitude,36.95,16,0.07751937984496124
latitude,35.32,16,0.07751937984496124
latitude,35.13,16,0.07751937984496124
latitude,36.35,16,0.07751937984496124
latitude,39.12,16,0.07751937984496124
latitude,34.38,16,0.07751937984496124
latitude,36.99,16,0.07751937984496124
latitude,33.16,16,0.07751937984496124
latitude,33.18,16,0.07751937984496124
latitude,33.21,16,0.07751937984496124
latitude,39.74,15,0.07267441860465117
latitude,38.09,15,0.07267441860465117
latitude,37.0,15,0.07267441860465117
latitude,40.57,15,0.07267441860465117
latitude,40.58,15,0.07267441860465117
latitude,33.13,15,0.07267441860465117
latitude,33.04,15,0.07267441860465117
latitude,32.99,15,0.07267441860465117
latitude,32.96,15,0.07267441860465117
latitude,32.97,15,0.07267441860465117
latitude,35.34,15,0.07267441860465117
latitude,39.14,15,0.07267441860465117
latitude,34.71,15,0.07267441860465117
latitude,38.14,15,0.07267441860465117
latitude,39.16,15,0.07267441860465117
latitude,33.57,15,0.07267441860465117
latitude,33.54,15,0.07267441860465117
latitude,33.49,15,0.07267441860465117
latitude,32.91,15,0.07267441860465117
latitude,38.39,14,0.06782945736434108
latitude,38.15,14,0.06782945736434108
latitude,36.86,14,0.06782945736434108
latitude,35.42,14,0.06782945736434108
latitude,35.27,14,0.06782945736434108
latitude,34.87,14,0.06782945736434108
latitude,39.23,14,0.06782945736434108
latitude,34.31,14,0.06782945736434108
latitude,34.58,14,0.06782945736434108
latitude,34.69,14,0.06782945736434108
latitude,34.7,14,0.06782945736434108
latitude,34.64,14,0.06782945736434108
latitude,33.53,14,0.06782945736434108
latitude,32.92,14,0.06782945736434108
latitude,32.95,14,0.06782945736434108
latitude,32.61,14,0.06782945736434108
latitude,33.02,14,0.06782945736434108
latitude,38.72,13,0.06298449612403101
latitude,39.76,13,0.06298449612403101
latitude,38.23,13,0.06298449612403101
latitude,38.95,13,0.06298449612403101
latitude,38.75,13,0.06298449612403101
latitude,36.63,13,0.06298449612403101
latitude,37.11,13,0.06298449612403101
latitude,36.58,13,0.06298449612403101
latitude,40.78,13,0.06298449612403101
latitude,32.87,13,0.06298449612403101
latitude,34.68,13,0.06298449612403101
latitude,34.39,13,0.06298449612403101
latitude,36.93,13,0.06298449612403101
latitude,33.55,13,0.06298449612403101
latitude,33.47,13,0.06298449612403101
latitude,32.62,13,0.06298449612403101
latitude,33.01,13,0.06298449612403101
latitude,33.23,13,0.06298449612403101
latitude,38.38,12,0.05813953488372093
latitude,39.1,12,0.05813953488372093
latitude,38.93,12,0.05813953488372093
latitude,38.9,12,0.05813953488372093
latitude,38.76,12,0.05813953488372093
latitude,36.68,12,0.05813953488372093
latitude,36.57,12,0.05813953488372093
latitude,36.54,12,0.05813953488372093
latitude,32.98,12,0.05813953488372093
latitude,34.46,12,0.05813953488372093
latitude,36.92,12,0.05813953488372093
latitude,36.67,12,0.05813953488372093
latitude,36.06,12,0.05813953488372093
latitude,32.66,12,0.05813953488372093
latitude,32.9,12,0.05813953488372093
latitude,33.17,12,0.05813953488372093
latitude,39.5,11,0.05329457364341085
latitude,39.51,11,0.05329457364341085
latitude,38.16,11,0.05329457364341085
latitude,38.05,11,0.05329457364341085
latitude,38.91,11,0.05329457364341085
latitude,38.89,11,0.05329457364341085
latitude,36.69,11,0.05329457364341085
latitude,36.19,11,0.05329457364341085
latitude,40.79,11,0.05329457364341085
latitude,33.43,11,0.05329457364341085
latitude,35.12,11,0.05329457364341085
latitude,39.18,11,0.05329457364341085
latitude,39.09,11,0.05329457364341085
latitude,39.08,11,0.05329457364341085
latitude,39.05,11,0.05329457364341085
latitude,34.63,11,0.05329457364341085
latitude,34.48,11,0.05329457364341085
latitude,33.52,11,0.05329457364341085
latitude,33.48,11,0.05329457364341085
latitude,34.89,11,0.05329457364341085
latitude,32.59,11,0.05329457364341085
latitude,33.05,11,0.05329457364341085
latitude,33.06,11,0.05329457364341085
latitude,33.11,11,0.05329457364341085
latitude,36.07,11,0.05329457364341085
latitude,39.73,10,0.04844961240310078
latitude,39.52,10,0.04844961240310078
latitude,39.22,10,0.04844961240310078
latitude,37.09,10,0.04844961240310078
latitude,37.12,10,0.04844961240310078
latitude,37.06,10,0.04844961240310078
latitude,36.56,10,0.04844961240310078
latitude,40.8,10,0.04844961240310078
latitude,33.09,10,0.04844961240310078
latitude,33.07,10,0.04844961240310078
latitude,35.3,10,0.04844961240310078
latitude,34.95,10,0.04844961240310078
latitude,35.5,10,0.04844961240310078
latitude,36.09,10,0.04844961240310078
latitude,36.2,10,0.04844961240310078
latitude,39.17,10,0.04844961240310078
latitude,34.32,10,0.04844961240310078
latitude,34.66,10,0.04844961240310078
latitude,34.49,10,0.04844961240310078
latitude,37.21,10,0.04844961240310078
latitude,33.46,10,0.04844961240310078
latitude,32.56,10,0.04844961240310078
latitude,33.0,10,0.04844961240310078
latitude,37.22,10,0.04844961240310078
latitude,36.22,10,0.04844961240310078
latitude,39.0,9,0.0436046511627907
latitude,39.21,9,0.0436046511627907
latitude,38.96,9,0.0436046511627907
latitude,38.74,9,0.0436046511627907
latitude,38.8,9,0.0436046511627907
latitude,36.94,9,0.0436046511627907
latitude,36.52,9,0.0436046511627907
latitude,36.51,9,0.0436046511627907
latitude,40.88,9,0.0436046511627907
latitude,35.65,9,0.0436046511627907
latitude,36.1,9,0.0436046511627907
latitude,34.59,9,0.0436046511627907
latitude,34.53,9,0.0436046511627907
latitude,34.51,9,0.0436046511627907
latitude,34.36,9,0.0436046511627907
latitude,39.2,9,0.0436046511627907
latitude,37.08,9,0.0436046511627907
latitude,37.05,9,0.0436046511627907
latitude,34.9,9,0.0436046511627907
latitude,34.35,9,0.0436046511627907
latitude,32.65,9,0.0436046511627907
latitude,32.6,9,0.0436046511627907
latitude,33.08,9,0.0436046511627907
latitude,39.78,8,0.03875968992248062
latitude,39.44,8,0.03875968992248062
latitude,39.33,8,0.03875968992248062
latitude,39.25,8,0.03875968992248062
latitude,38.06,8,0.03875968992248062
latitude,39.04,8,0.03875968992248062
latitude,38.79,8,0.03875968992248062
latitude,38.77,8,0.03875968992248062
latitude,36.65,8,0.03875968992248062
latitude,36.91,8,0.03875968992248062
latitude,37.02,8,0.03875968992248062
latitude,37.13,8,0.03875968992248062
latitude,36.29,8,0.03875968992248062
latitude,40.6,8,0.03875968992248062
latitude,32.93,8,0.03875968992248062
latitude,34.83,8,0.03875968992248062
latitude,35.6,8,0.03875968992248062
latitude,35.62,8,0.03875968992248062
latitude,35.63,8,0.03875968992248062
latitude,34.86,8,0.03875968992248062
latitude,39.11,8,0.03875968992248062
latitude,38.97,8,0.03875968992248062
latitude,34.52,8,0.03875968992248062
latitude,34.5,8,0.03875968992248062
latitude,34.47,8,0.03875968992248062
latitude,39.26,8,0.03875968992248062
latitude,37.03,8,0.03875968992248062
latitude,39.24,8,0.03875968992248062
latitude,33.59,8,0.03875968992248062
latitude,34.88,8,0.03875968992248062
latitude,34.94,8,0.03875968992248062
latitude,34.97,8,0.03875968992248062
latitude,39.77,7,0.03391472868217054
latitude,39.72,7,0.03391472868217054
latitude,39.82,7,0.03391472868217054
latitude,39.79,7,0.03391472868217054
latitude,39.37,7,0.03391472868217054
latitude,39.32,7,0.03391472868217054
latitude,39.36,7,0.03391472868217054
latitude,38.99,7,0.03391472868217054
latitude,38.87,7,0.03391472868217054
latitude,39.01,7,0.03391472868217054
latitude,38.81,7,0.03391472868217054
latitude,38.83,7,0.03391472868217054
latitude,36.64,7,0.03391472868217054
latitude,36.66,7,0.03391472868217054
latitude,36.43,7,0.03391472868217054
latitude,36.13,7,0.03391472868217054
latitude,40.77,7,0.03391472868217054
latitude,40.55,7,0.03391472868217054
latitude,40.45,7,0.03391472868217054
latitude,40.54,7,0.03391472868217054
latitude,33.38,7,0.03391472868217054
latitude,33.36,7,0.03391472868217054
latitude,33.34,7,0.03391472868217054
latitude,35.28,7,0.03391472868217054
latitude,35.64,7,0.03391472868217054
latitude,35.26,7,0.03391472868217054
latitude,39.02,7,0.03391472868217054
latitude,40.17,7,0.03391472868217054
latitude,34.33,7,0.03391472868217054
latitude,34.62,7,0.03391472868217054
latitude,34.57,7,0.03391472868217054
latitude,34.37,7,0.03391472868217054
latitude,37.01,7,0.03391472868217054
latitude,36.42,7,0.03391472868217054
latitude,33.58,7,0.03391472868217054
latitude,33.56,7,0.03391472868217054
latitude,33.45,7,0.03391472868217054
latitude,34.54,7,0.03391472868217054
latitude,33.1,7,0.03391472868217054
latitude,35.29,7,0.03391472868217054
latitude,39.53,6,0.029069767441860465
latitude,39.48,6,0.029069767441860465
latitude,39.39,6,0.029069767441860465
latitude,39.35,6,0.029069767441860465
latitude,39.03,6,0.029069767441860465
latitude,37.1,6,0.029069767441860465
latitude,36.16,6,0.029069767441860465
latitude,40.59,6,0.029069767441860465
latitude,33.24,6,0.029069767441860465
latitude,35.31,6,0.029069767441860465
latitude,35.1,6,0.029069767441860465
latitude,35.2,6,0.029069767441860465
latitude,36.08,6,0.029069767441860465
latitude,38.78,6,0.029069767441860465
latitude,37.19,6,0.029069767441860465
latitude,37.04,6,0.029069767441860465
latitude,36.9,6,0.029069767441860465
latitude,38.22,6,0.029069767441860465
latitude,39.27,6,0.029069767441860465
latitude,33.42,6,0.029069767441860465
latitude,34.91,6,0.029069767441860465
latitude,33.25,6,0.029069767441860465
latitude,35.11,6,0.029069767441860465
latitude,40.56,6,0.029069767441860465
latitude,40.52,6,0.029069767441860465
latitude,39.71,5,0.02422480620155039
latitude,39.83,5,0.02422480620155039
latitude,39.8,5,0.02422480620155039
latitude,39.49,5,0.02422480620155039
latitude,39.4,5,0.02422480620155039
latitude,39.34,5,0.02422480620155039
latitude,39.42,5,0.02422480620155039
latitude,38.19,5,0.02422480620155039
latitude,38.21,5,0.02422480620155039
latitude,38.85,5,0.02422480620155039
latitude,36.87,5,0.02422480620155039
latitude,36.88,5,0.02422480620155039
latitude,36.89,5,0.02422480620155039
latitude,36.53,5,0.02422480620155039
latitude,36.14,5,0.02422480620155039
latitude,36.15,5,0.02422480620155039
latitude,36.49,5,0.02422480620155039
latitude,40.75,5,0.02422480620155039
latitude,40.87,5,0.02422480620155039
latitude,40.95,5,0.02422480620155039
latitude,40.62,5,0.02422480620155039
latitude,40.47,5,0.02422480620155039
latitude,33.41,5,0.02422480620155039
latitude,33.26,5,0.02422480620155039
latitude,35.44,5,0.02422480620155039
latitude,35.14,5,0.02422480620155039
latitude,35.55,5,0.02422480620155039
latitude,35.76,5,0.02422480620155039
latitude,35.48,5,0.02422480620155039
latitude,36.37,5,0.02422480620155039
latitude,36.28,5,0.02422480620155039
latitude,36.25,5,0.02422480620155039
latitude,35.87,5,0.02422480620155039
latitude,38.98,5,0.02422480620155039
latitude,40.51,5,0.02422480620155039
latitude,34.6,5,0.02422480620155039
latitude,34.55,5,0.02422480620155039
latitude,38.08,5,0.02422480620155039
latitude,37.16,5,0.02422480620155039
latitude,37.18,5,0.02422480620155039
latitude,37.07,5,0.02422480620155039
latitude,38.17,5,0.02422480620155039
latitude,39.19,5,0.02422480620155039
latitude,33.5,5,0.02422480620155039
latitude,39.93,5,0.02422480620155039
latitude,37.15,5,0.02422480620155039
latitude,40.61,5,0.02422480620155039
latitude,40.2,5,0.02422480620155039
latitude,36.05,5,0.02422480620155039
latitude,39.66,4,0.01937984496124031
latitude,39.43,4,0.01937984496124031
latitude,39.31,4,0.01937984496124031
latitude,39.3,4,0.01937984496124031
latitude,38.86,4,0.01937984496124031
latitude,39.06,4,0.01937984496124031
latitude,36.44,4,0.01937984496124031
latitude,40.81,4,0.01937984496124031
latitude,40.85,4,0.01937984496124031
latitude,40.66,4,0.01937984496124031
latitude,40.93,4,0.01937984496124031
latitude,40.69,4,0.01937984496124031
latitude,40.48,4,0.01937984496124031
latitude,40.5,4,0.01937984496124031
latitude,33.4,4,0.01937984496124031
latitude,33.28,4,0.01937984496124031
latitude,36.4,4,0.01937984496124031
latitude,35.24,4,0.01937984496124031
latitude,35.06,4,0.01937984496124031
latitude,35.52,4,0.01937984496124031
latitude,35.49,4,0.01937984496124031
latitude,35.59,4,0.01937984496124031
latitude,35.77,4,0.01937984496124031
latitude,35.47,4,0.01937984496124031
latitude,35.61,4,0.01937984496124031
latitude,35.05,4,0.01937984496124031
latitude,35.99,4,0.01937984496124031
latitude,40.63,4,0.01937984496124031
latitude,40.42,4,0.01937984496124031
latitude,34.67,4,0.01937984496124031
latitude,34.61,4,0.01937984496124031
latitude,34.56,4,0.01937984496124031
latitude,36.5,4,0.01937984496124031
latitude,34.34,4,0.01937984496124031
latitude,32.94,4,0.01937984496124031
latitude,34.93,4,0.01937984496124031
latitude,37.14,4,0.01937984496124031
latitude,36.39,4,0.01937984496124031
latitude,36.23,4,0.01937984496124031
latitude,39.68,3,0.014534883720930232
latitude,39.86,3,0.014534883720930232
latitude,39.47,3,0.014534883720930232
latitude,39.45,3,0.014534883720930232
latitude,38.2,3,0.014534883720930232
latitude,41.8,3,0.014534883720930232
latitude,41.78,3,0.014534883720930232
latitude,41.73,3,0.014534883720930232
latitude,41.74,3,0.014534883720930232
latitude,41.54,3,0.014534883720930232
latitude,38.88,3,0.014534883720930232
latitude,38.84,3,0.014534883720930232
latitude,36.18,3,0.014534883720930232
latitude,40.76,3,0.014534883720930232
latitude,40.86,3,0.014534883720930232
latitude,41.32,3,0.014534883720930232
latitude,40.92,3,0.014534883720930232
latitude,40.89,3,0.014534883720930232
latitude,40.67,3,0.014534883720930232
latitude,40.44,3,0.014534883720930232
latitude,40.28,3,0.014534883720930232
latitude,40.16,3,0.014534883720930232
latitude,33.33,3,0.014534883720930232
latitude,33.35,3,0.014534883720930232
latitude,35.43,3,0.014534883720930232
latitude,35.17,3,0.014534883720930232
latitude,35.16,3,0.014534883720930232
latitude,35.58,3,0.014534883720930232
latitude,35.68,3,0.014534883720930232
latitude,35.78,3,0.014534883720930232
latitude,35.79,3,0.014534883720930232
latitude,35.74,3,0.014534883720930232
latitude,35.03,3,0.014534883720930232
latitude,35.23,3,0.014534883720930232
latitude,36.38,3,0.014534883720930232
latitude,36.27,3,0.014534883720930232
latitude,36.36,3,0.014534883720930232
latitude,36.02,3,0.014534883720930232
latitude,36.04,3,0.014534883720930232
latitude,39.07,3,0.014534883720930232
latitude,38.82,3,0.014534883720930232
latitude,40.43,3,0.014534883720930232
latitude,40.41,3,0.014534883720930232
latitude,40.29,3,0.014534883720930232
latitude,40.31,3,0.014534883720930232
latitude,39.92,3,0.014534883720930232
latitude,34.72,3,0.014534883720930232
latitude,39.67,3,0.014534883720930232
latitude,39.46,3,0.014534883720930232
latitude,39.28,3,0.014534883720930232
latitude,37.2,3,0.014534883720930232
latitude,41.31,3,0.014534883720930232
latitude,36.47,3,0.014534883720930232
latitude,36.48,3,0.014534883720930232
latitude,39.29,3,0.014534883720930232
latitude,33.44,3,0.014534883720930232
latitude,39.9,3,0.014534883720930232
latitude,40.02,3,0.014534883720930232
latitude,40.19,3,0.014534883720930232
latitude,34.85,3,0.014534883720930232
latitude,34.98,3,0.014534883720930232
latitude,32.89,3,0.014534883720930232
latitude,32.55,3,0.014534883720930232
latitude,33.29,3,0.014534883720930232
latitude,33.37,3,0.014534883720930232
latitude,40.53,3,0.014534883720930232
latitude,40.71,3,0.014534883720930232
latitude,40.4,3,0.014534883720930232
latitude,40.39,3,0.014534883720930232
latitude,41.86,3,0.014534883720930232
latitude,40.32,3,0.014534883720930232
latitude,40.18,3,0.014534883720930232
latitude,40.07,3,0.014534883720930232
latitude,39.7,2,0.009689922480620155
latitude,39.59,2,0.009689922480620155
latitude,39.88,2,0.009689922480620155
latitude,40.06,2,0.009689922480620155
latitude,39.97,2,0.009689922480620155
latitude,39.61,2,0.009689922480620155
latitude,39.65,2,0.009689922480620155
latitude,39.55,2,0.009689922480620155
latitude,39.6,2,0.009689922480620155
latitude,39.41,2,0.009689922480620155
latitude,41.75,2,0.009689922480620155
latitude,41.76,2,0.009689922480620155
latitude,41.95,2,0.009689922480620155
latitude,41.81,2,0.009689922480620155
latitude,36.45,2,0.009689922480620155
latitude,40.9,2,0.009689922480620155
latitude,41.06,2,0.009689922480620155
latitude,41.04,2,0.009689922480620155
latitude,40.97,2,0.009689922480620155
latitude,40.99,2,0.009689922480620155
latitude,40.94,2,0.009689922480620155
latitude,40.72,2,0.009689922480620155
latitude,40.73,2,0.009689922480620155
latitude,40.22,2,0.009689922480620155
latitude,40.12,2,0.009689922480620155
latitude,40.11,2,0.009689922480620155
latitude,40.05,2,0.009689922480620155
latitude,33.32,2,0.009689922480620155
latitude,33.3,2,0.009689922480620155
latitude,37.17,2,0.009689922480620155
latitude,36.0,2,0.009689922480620155
latitude,35.22,2,0.009689922480620155
latitude,34.82,2,0.009689922480620155
latitude,35.07,2,0.009689922480620155
latitude,35.19,2,0.009689922480620155
latitude,35.15,2,0.009689922480620155
latitude,35.51,2,0.009689922480620155
latitude,35.75,2,0.009689922480620155
latitude,35.72,2,0.009689922480620155
latitude,35.73,2,0.009689922480620155
latitude,35.54,2,0.009689922480620155
latitude,35.08,2,0.009689922480620155
latitude,34.99,2,0.009689922480620155
latitude,35.0,2,0.009689922480620155
latitude,35.04,2,0.009689922480620155
latitude,36.41,2,0.009689922480620155
latitude,36.11,2,0.009689922480620155
latitude,36.01,2,0.009689922480620155
latitude,35.91,2,0.009689922480620155
latitude,41.12,2,0.009689922480620155
latitude,40.65,2,0.009689922480620155
latitude,40.26,2,0.009689922480620155
latitude,34.74,2,0.009689922480620155
latitude,34.77,2,0.009689922480620155
latitude,35.95,2,0.009689922480620155
latitude,35.94,2,0.009689922480620155
latitude,39.95,2,0.009689922480620155
latitude,40.14,2,0.009689922480620155
latitude,40.01,2,0.009689922480620155
latitude,40.23,2,0.009689922480620155
latitude,40.25,2,0.009689922480620155
latitude,34.75,2,0.009689922480620155
latitude,32.88,2,0.009689922480620155
latitude,33.31,2,0.009689922480620155
latitude,33.39,2,0.009689922480620155
latitude,35.25,2,0.009689922480620155
latitude,35.46,2,0.009689922480620155
latitude,40.64,2,0.009689922480620155
latitude,40.68,2,0.009689922480620155
latitude,40.46,2,0.009689922480620155
latitude,39.56,2,0.009689922480620155
latitude,41.43,2,0.009689922480620155
latitude,41.41,2,0.009689922480620155
latitude,40.09,2,0.009689922480620155
latitude,40.34,2,0.009689922480620155
latitude,40.15,2,0.009689922480620155
latitude,39.94,2,0.009689922480620155
latitude,39.91,2,0.009689922480620155
latitude,36.12,2,0.009689922480620155
latitude,35.96,2,0.009689922480620155
latitude,39.64,1,0.0048449612403100775
latitude,39.69,1,0.0048449612403100775
latitude,39.54,1,0.0048449612403100775
latitude,39.38,1,0.0048449612403100775
latitude,41.77,1,0.0048449612403100775
latitude,41.92,1,0.0048449612403100775
latitude,41.84,1,0.0048449612403100775
latitude,41.68,1,0.0048449612403100775
latitude,41.88,1,0.0048449612403100775
latitude,36.46,1,0.0048449612403100775
latitude,40.91,1,0.0048449612403100775
latitude,41.03,1,0.0048449612403100775
latitude,41.09,1,0.0048449612403100775
latitude,41.11,1,0.0048449612403100775
latitude,41.3,1,0.0048449612403100775
latitude,41.01,1,0.0048449612403100775
latitude,41.36,1,0.0048449612403100775
latitude,41.13,1,0.0048449612403100775
latitude,41.02,1,0.0048449612403100775
latitude,40.74,1,0.0048449612403100775
latitude,40.24,1,0.0048449612403100775
latitude,35.45,1,0.0048449612403100775
latitude,34.81,1,0.0048449612403100775
latitude,35.67,1,0.0048449612403100775
latitude,35.7,1,0.0048449612403100775
latitude,35.21,1,0.0048449612403100775
latitude,34.92,1,0.0048449612403100775
latitude,41.07,1,0.0048449612403100775
latitude,40.98,1,0.0048449612403100775
latitude,40.35,1,0.0048449612403100775
latitude,40.36,1,0.0048449612403100775
latitude,40.37,1,0.0048449612403100775
latitude,40.38,1,0.0048449612403100775
latitude,34.76,1,0.0048449612403100775
latitude,34.73,1,0.0048449612403100775
latitude,38.18,1,0.0048449612403100775
latitude,39.81,1,0.0048449612403100775
latitude,41.35,1,0.0048449612403100775
latitude,41.82,1,0.0048449612403100775
latitude,41.79,1,0.0048449612403100775
latitude,41.4,1,0.0048449612403100775
latitude,41.61,1,0.0048449612403100775
latitude,36.24,1,0.0048449612403100775
latitude,39.96,1,0.0048449612403100775
latitude,40.08,1,0.0048449612403100775
latitude,40.13,1,0.0048449612403100775
latitude,40.27,1,0.0048449612403100775
latitude,40.3,1,0.0048449612403100775
latitude,34.84,1,0.0048449612403100775
latitude,32.54,1,0.0048449612403100775
latitude,33.27,1,0.0048449612403100775
latitude,35.69,1,0.0048449612403100775
latitude,35.56,1,0.0048449612403100775
latitude,35.18,1,0.0048449612403100775
latitude,35.02,1,0.0048449612403100775
latitude,40.49,1,0.0048449612403100775
latitude,40.82,1,0.0048449612403100775
latitude,39.63,1,0.0048449612403100775
latitude,41.66,1,0.0048449612403100775
latitude,41.6,1,0.0048449612403100775
latitude,41.7,1,0.0048449612403100775
latitude,41.69,1,0.0048449612403100775
latitude,41.72,1,0.0048449612403100775
latitude,41.63,1,0.0048449612403100775
latitude,41.53,1,0.0048449612403100775
latitude,41.48,1,0.0048449612403100775
latitude,41.46,1,0.0048449612403100775
latitude,41.26,1,0.0048449612403100775
latitude,41.38,1,0.0048449612403100775
latitude,41.28,1,0.0048449612403100775
latitude,41.21,1,0.0048449612403100775
latitude,41.23,1,0.0048449612403100775
latitude,41.2,1,0.0048449612403100775
latitude,41.5,1,0.0048449612403100775
latitude,40.03,1,0.0048449612403100775
latitude,41.15,1,0.0048449612403100775
latitude,35.82,1,0.0048449612403100775
latitude,35.9,1,0.0048449612403100775
latitude,35.97,1,0.0048449612403100775
latitude,35.86,1,0.0048449612403100775
latitude,35.85,1,0.0048449612403100775
latitude,35.89,1,0.0048449612403100775
latitude,35.88,1,0.0048449612403100775
housing_median_age,52.0,1273,6.167635658914729
housing_median_age,36.0,862,4.176356589147287
housing_median_age,35.0,824,3.9922480620155043
housing_median_age,16.0,771,3.73546511627907
housing_median_age,17.0,698,3.3817829457364343
housing_median_age,34.0,689,3.3381782945736433
housing_median_age,26.0,619,2.9990310077519378
housing_median_age,33.0,615,2.979651162790698
housing_median_age,18.0,570,2.761627906976744
housing_median_age,25.0,566,2.742248062015504
housing_median_age,32.0,565,2.737403100775194
housing_median_age,37.0,537,2.6017441860465116
housing_median_age,15.0,512,2.4806201550387597
housing_median_age,19.0,502,2.432170542635659
housing_median_age,27.0,488,2.3643410852713176
housing_median_age,24.0,478,2.3158914728682167
housing_median_age,30.0,476,2.306201550387597
housing_median_age,28.0,471,2.281976744186047
housing_median_age,20.0,465,2.252906976744186
housing_median_age,29.0,461,2.233527131782946
housing_median_age,31.0,458,2.2189922480620154
housing_median_age,23.0,448,2.1705426356589146
housing_median_age,21.0,446,2.1608527131782944
housing_median_age,14.0,412,1.9961240310077522
housing_median_age,22.0,399,1.933139534883721
housing_median_age,38.0,394,1.9089147286821706
housing_median_age,39.0,369,1.7877906976744184
housing_median_age,42.0,368,1.7829457364341086
housing_median_age,44.0,356,1.7248062015503878
housing_median_age,43.0,353,1.7102713178294573
housing_median_age,40.0,304,1.4728682170542635
housing_median_age,13.0,302,1.4631782945736436
housing_median_age,41.0,296,1.4341085271317828
housing_median_age,45.0,294,1.4244186046511629
housing_median_age,10.0,264,1.2790697674418605
housing_median_age,11.0,254,1.2306201550387597
housing_median_age,46.0,245,1.187015503875969
housing_median_age,5.0,244,1.1821705426356588
housing_median_age,12.0,238,1.1531007751937985
housing_median_age,8.0,206,0.9980620155038761
housing_median_age,9.0,205,0.9932170542635659
housing_median_age,47.0,198,0.9593023255813954
housing_median_age,4.0,191,0.9253875968992248
housing_median_age,48.0,177,0.8575581395348838
housing_median_age,7.0,175,0.8478682170542635
housing_median_age,6.0,160,0.7751937984496124
housing_median_age,50.0,136,0.6589147286821705
housing_median_age,49.0,134,0.6492248062015504
housing_median_age,3.0,62,0.3003875968992248
housing_median_age,2.0,58,0.2810077519379845
housing_median_age,51.0,48,0.23255813953488372
housing_median_age,1.0,4,0.01937984496124031
ocean_proximity,<1H OCEAN,9136,44.263565891472865
ocean_proximity,INLAND,6551,31.739341085271317
ocean_proximity,NEAR OCEAN,2658,12.877906976744185
ocean_proximity,NEAR BAY,2290,11.094961240310077
ocean_proximity,ISLAND,5,0.02422480620155039
