feature,semantic_type,business_rationale,expected_relationship,correlation_with_target,observed_linear_association,exploratory_nonlinearity,potential_outlier_percentage,candidate_status,final_decision_rule
longitude,spatial_coordinate,Geographic position may capture regional market structure and nonlinear spatial effects.,Expected regional and nonlinear spatial variation.,-0.052345416196574,Very weak marginal linear association,Strong nonlinear pattern,0.0,RETAIN AS CANDIDATE,"Use validation for ML; use theory, VIF/estimability, specification, diagnostics, robust inference, and test evidence for inference."
latitude,spatial_coordinate,Geographic position may capture regional market structure and nonlinear spatial effects.,Expected regional and nonlinear spatial variation.,-0.1378638409631153,Weak marginal linear association,Strong nonlinear pattern,0.9897563676633444,RETAIN AS CANDIDATE,"Use validation for ML; use theory, VIF/estimability, specification, diagnostics, robust inference, and test evidence for inference."
housing_median_age,discrete_numeric,The variable may have a nonlinear or piecewise relationship with house value.,Possible nonlinear or threshold effect.,0.1163052981476528,Weak marginal linear association,Moderate curvature,0.0,RETAIN AS CANDIDATE,"Use validation for ML; use theory, VIF/estimability, specification, diagnostics, robust inference, and test evidence for inference."
total_rooms,count,"The variable may contribute through scale, density, ratio, or interaction effects.",Ambiguous raw-scale effect; ratios may be more informative.,0.1368009846182074,Weak marginal linear association,Moderate curvature,6.2984496124031,RETAIN AS CANDIDATE,"Use validation for ML; use theory, VIF/estimability, specification, diagnostics, robust inference, and test evidence for inference."
total_bedrooms,count,"The variable may contribute through scale, density, ratio, or interaction effects.",Ambiguous raw-scale effect; ratios may be more informative.,0.0495233537617625,Very weak marginal linear association,Moderate curvature,6.2638427464008855,RETAIN AS CANDIDATE,"Use validation for ML; use theory, VIF/estimability, specification, diagnostics, robust inference, and test evidence for inference."
population,count,"The variable may contribute through scale, density, ratio, or interaction effects.",Possible density and congestion effect.,-0.0245923255302594,Very weak marginal linear association,Moderate curvature,5.966223698781838,RETAIN AS CANDIDATE,"Use validation for ML; use theory, VIF/estimability, specification, diagnostics, robust inference, and test evidence for inference."
households,count,"The variable may contribute through scale, density, ratio, or interaction effects.",Possible block-size and occupancy effect.,0.0667880667173049,Very weak marginal linear association,Moderate curvature,6.049280177187153,RETAIN AS CANDIDATE,"Use validation for ML; use theory, VIF/estimability, specification, diagnostics, robust inference, and test evidence for inference."
median_income,continuous_numeric,The variable remains conceptually relevant and should be assessed jointly with other predictors.,Expected positive association with house value.,0.6878734499291473,Strong marginal linear association,Moderate curvature,3.3776301218161686,RETAIN AS CANDIDATE,"Use validation for ML; use theory, VIF/estimability, specification, diagnostics, robust inference, and test evidence for inference."
ocean_proximity,nominal_categorical,Systematic differences between categories may explain house-price variation.,Expected systematic differences across categories.,,Categorical predictor,Not applicable,0.0,RETAIN AS CANDIDATE,"Use validation for ML; use theory, VIF/estimability, specification, diagnostics, robust inference, and test evidence for inference."
