,longitude,latitude,housing_median_age,total_rooms,total_bedrooms,population,households,median_income,median_house_value
longitude,1.0,-0.9246728668524471,-0.11356855477719384,0.052591019890684106,0.08016585316993052,0.10975451340214669,0.0653865570224596,-0.022081907496700852,-0.05234541619657408
latitude,-0.9246728668524471,1.0,0.012365860260323049,-0.04396668712721804,-0.07720085874424022,-0.1183561331600472,-0.0815478693748385,-0.07349262050681402,-0.1378638409631153
housing_median_age,-0.11356855477719384,0.012365860260323049,1.0,-0.3628096965144245,-0.32218999910107976,-0.2963773139035265,-0.3023941162887433,-0.11248951790720058,0.11630529814765289
total_rooms,0.052591019890684106,-0.04396668712721804,-0.3628096965144245,1.0,0.9292883411996647,0.8532444889232631,0.9174421617462598,0.20039063886858466,0.13680098461820744
total_bedrooms,0.08016585316993052,-0.07720085874424022,-0.32218999910107976,0.9292883411996647,1.0,0.8739089644655547,0.9796839432768912,-0.009279149654476982,0.04952335376176252
population,0.10975451340214669,-0.1183561331600472,-0.2963773139035265,0.8532444889232631,0.8739089644655547,1.0,0.902631548611047,0.0026899975779032894,-0.024592325530259442
households,0.0653865570224596,-0.0815478693748385,-0.3023941162887433,0.9174421617462598,0.9796839432768912,0.902631548611047,1.0,0.011087689789529797,0.0667880667173049
median_income,-0.022081907496700852,-0.07349262050681402,-0.11248951790720058,0.20039063886858466,-0.009279149654476982,0.0026899975779032894,0.011087689789529797,1.0,0.6878734499291473
median_house_value,-0.05234541619657408,-0.1378638409631153,0.11630529814765289,0.13680098461820744,0.04952335376176252,-0.024592325530259442,0.0667880667173049,0.6878734499291473,1.0
