variable,observations,missing_count,mean,median,standard_deviation,minimum,maximum,skewness,kurtosis,distribution_shape
longitude,14448,0,-119.57329388150609,-118.51,2.003203092697578,-124.3,-114.31,-0.29395277625766186,-1.3365456992369644,Approximately symmetric
latitude,14448,0,35.63352297895903,34.26,2.1325044523225913,32.55,41.92,0.45991760473637766,-1.1240664909582838,Approximately symmetric
housing_median_age,14448,0,28.742594130675528,29.0,12.574924501209352,1.0,52.0,0.05934129972878788,-0.7968532712303666,Approximately symmetric
total_rooms,14448,0,2613.580564784053,2111.0,2125.8410464538556,6.0,37937.0,3.8920934682596773,29.038327445800014,Right-skewed
total_bedrooms,14308,140,533.2616717920044,430.0,412.8589651184645,2.0,5471.0,3.247117253603965,18.736443230070815,Right-skewed
population,14448,0,1413.5608388704318,1159.0,1114.8762636750587,3.0,35682.0,4.9369673384696835,78.8543766332699,Right-skewed
households,14448,0,495.29720376522704,406.0,376.0395200250696,2.0,5189.0,3.231114928128905,19.035486129897883,Right-skewed
median_income,14448,0,3.8731479305094125,3.536,1.8939959488328384,0.4999,15.0001,1.6060239288131033,4.605602765838298,Right-skewed
median_house_value,14448,0,207143.47888981173,179900.0,115558.18144815447,14999.0,500001.0,0.9857121708200037,0.3357413590439724,Right-skewed
