variable,q1,q3,iqr,iqr_lower_bound,iqr_upper_bound,iqr_flag_count,modified_z_flag_count,combined_flag_count,combined_flag_percentage
total_rooms,1438.0,3121.5,1683.5,-1087.25,5646.75,910,708,910,6.2984496124031
total_bedrooms,294.0,641.0,347.0,-226.5,1161.5,905,734,905,6.2638427464008855
households,278.0,598.0,320.0,-202.0,1078.0,874,688,874,6.049280177187153
population,780.0,1708.0,928.0,-612.0,3100.0,862,642,862,5.966223698781838
median_house_value,120000.0,263900.0,143900.0,-95850.0,479750.0,768,0,768,5.3156146179401995
median_income,2.564375,4.7426,2.1782250000000003,-0.7029625000000004,8.009937500000001,488,285,488,3.3776301218161686
latitude,33.94,37.72,3.780000000000001,28.269999999999996,43.39,0,143,143,0.9897563676633444
longitude,-121.81,-118.01,3.799999999999997,-127.50999999999999,-112.31,0,0,0,0.0
housing_median_age,18.0,37.0,19.0,-10.5,65.5,0,0,0,0.0
